IN FILE,MANUAL ID,OFFSET,DURATION,Confidence
20210820_001000_OTH1.csv,Wrentit,36.0,3.0,0.28275335
20210820_001000_OTH1.csv,Pearl Kite,36.0,3.0,0.21841124
20210820_001000_OTH1.csv,Wrentit,39.0,3.0,0.50149137
20210820_001000_OTH1.csv,Reed Parrotbill,39.0,3.0,0.2931925
20210820_001000_OTH1.csv,Wrentit,45.0,3.0,0.56510234
20210820_001000_OTH1.csv,Pearl Kite,45.0,3.0,0.43785793
20210820_001000_OTH1.csv,Wrentit,48.0,3.0,0.13126709
20210820_001000_OTH1.csv,Reed Parrotbill,48.0,3.0,0.11424691
20210820_001000_OTH1.csv,Wrentit,57.0,3.0,0.18429103
20210821_070000_OFF7.csv,Abyssinian Nightjar,12.0,3.0,0.11221626
20210811_173000_OFF7.csv,Watercock,33.0,3.0,0.22003518
20210819_104000_OFF4.csv,Chaco Owl,51.0,3.0,0.1249228
20210816_161000_OFF7.csv,Watercock,9.0,3.0,0.11044336
20210823_041000_OFF1.csv,Arabian Scops-Owl,3.0,3.0,0.16206227
20210823_041000_OFF1.csv,Ground Parrot,3.0,3.0,0.10486069
20210823_041000_OFF1.csv,Philippine Frogmouth,3.0,3.0,0.10396557
20210823_041000_OFF1.csv,Arabian Scops-Owl,6.0,3.0,0.12300675
20210823_041000_OFF1.csv,Arabian Scops-Owl,12.0,3.0,0.13365537
20210823_041000_OFF1.csv,Arabian Scops-Owl,15.0,3.0,0.14169016
20210823_041000_OFF1.csv,Arabian Scops-Owl,21.0,3.0,0.28136653
20210823_041000_OFF1.csv,Arabian Scops-Owl,24.0,3.0,0.109200366
20210823_041000_OFF1.csv,Arabian Scops-Owl,30.0,3.0,0.100456074
20210823_041000_OFF1.csv,Arabian Scops-Owl,33.0,3.0,0.31453174
20210823_041000_OFF1.csv,Arabian Scops-Owl,36.0,3.0,0.14019716
20210823_041000_OFF1.csv,Arabian Scops-Owl,42.0,3.0,0.1288838
20210823_041000_OFF1.csv,Arabian Scops-Owl,48.0,3.0,0.1538711
20210823_041000_OFF1.csv,Arabian Scops-Owl,57.0,3.0,0.15971762
20210813_145000_OFF5.csv,Bewick's Wren,21.0,3.0,0.33702752
20210813_145000_OFF5.csv,Western Yellow Wagtail,24.0,3.0,0.22815861
20210813_145000_OFF5.csv,Bewick's Wren,27.0,3.0,0.6818248
20210813_145000_OFF5.csv,Bewick's Wren,30.0,3.0,0.71178037
20210813_145000_OFF5.csv,Bewick's Wren,36.0,3.0,0.6053622
20210813_145000_OFF5.csv,Bewick's Wren,39.0,3.0,0.63751775
20210813_145000_OFF5.csv,Bewick's Wren,42.0,3.0,0.48393708
20210813_145000_OFF5.csv,Bewick's Wren,48.0,3.0,0.14120814
20210813_145000_OFF5.csv,Bewick's Wren,51.0,3.0,0.26066482
20210821_032000_OFF1.csv,Dwarf Tinamou,0.0,3.0,0.24909642
20210821_032000_OFF1.csv,Dwarf Tinamou,6.0,3.0,0.16891268
20210821_032000_OFF1.csv,Dwarf Tinamou,15.0,3.0,0.19601570000000001
20210821_032000_OFF1.csv,Arabian Scops-Owl,15.0,3.0,0.16609052
20210821_032000_OFF1.csv,Dwarf Tinamou,21.0,3.0,0.1739243
20210821_032000_OFF1.csv,Dwarf Tinamou,27.0,3.0,0.2470891
20210821_032000_OFF1.csv,Dwarf Tinamou,57.0,3.0,0.16222045
20210819_042000_OFF3.csv,Arabian Scops-Owl,30.0,3.0,0.10765088
20210811_164000_OFF2.csv,California Thrasher,54.0,3.0,0.10369360000000001
20210815_162000_OFF1.csv,Anna's Hummingbird,18.0,3.0,0.90267193
20210815_162000_OFF1.csv,Buff-bellied Hummingbird,18.0,3.0,0.5528443000000001
20210815_162000_OFF1.csv,Anna's Hummingbird,21.0,3.0,0.5691151
20210815_162000_OFF1.csv,Anna's Hummingbird,24.0,3.0,0.9359128000000001
20210815_162000_OFF1.csv,Anna's Hummingbird,30.0,3.0,0.89726895
20210815_162000_OFF1.csv,Anna's Hummingbird,33.0,3.0,0.9918377
20210815_162000_OFF1.csv,Anna's Hummingbird,36.0,3.0,0.57105625
20210815_162000_OFF1.csv,Mediterranean Flycatcher,36.0,3.0,0.13167353
20210815_162000_OFF1.csv,Anna's Hummingbird,39.0,3.0,0.92194825
20210815_162000_OFF1.csv,Anna's Hummingbird,42.0,3.0,0.8997484
20210815_162000_OFF1.csv,Anna's Hummingbird,48.0,3.0,0.97999454
20210815_162000_OFF1.csv,Anna's Hummingbird,57.0,3.0,0.9298083
20210823_190000_OFF2.csv,Common Raven,24.0,3.0,0.14342
20210823_190000_OFF2.csv,Common Raven,27.0,3.0,0.25499725
20210823_190000_OFF2.csv,California Towhee,33.0,3.0,0.25386098
20210823_190000_OFF2.csv,California Towhee,36.0,3.0,0.5254287
20210823_190000_OFF2.csv,Common Raven,39.0,3.0,0.114188716
20210817_224000_OTH0.csv,California Thrasher,30.0,3.0,0.13212097
20210817_224000_OTH0.csv,California Thrasher,42.0,3.0,0.27520788
20210817_224000_OTH0.csv,Desert Finch,42.0,3.0,0.16141884
20210817_224000_OTH0.csv,Wrentit,48.0,3.0,0.6912826
20210817_224000_OTH0.csv,Reed Parrotbill,48.0,3.0,0.26696318
20210817_224000_OTH0.csv,Wrentit,54.0,3.0,0.43238696
20210817_224000_OTH0.csv,Wrentit,57.0,3.0,0.7738434000000001
20210817_224000_OTH0.csv,Reed Parrotbill,57.0,3.0,0.36291102
20210818_140000_OFF4.csv,California Towhee,42.0,3.0,0.4738669
20210812_055000_OTH1.csv,Arabian Scops-Owl,6.0,3.0,0.108774215
20210812_055000_OTH1.csv,Arabian Scops-Owl,42.0,3.0,0.14275537
20210812_055000_OTH1.csv,Arabian Scops-Owl,45.0,3.0,0.12970410000000002
20210812_055000_OTH1.csv,Arabian Scops-Owl,54.0,3.0,0.11200025
20210812_055000_OTH1.csv,Arabian Scops-Owl,57.0,3.0,0.17853382
20210812_055000_OTH1.csv,Abyssinian Nightjar,57.0,3.0,0.10414273
20210819_141000_OFF6.csv,Antillean Mango,54.0,3.0,0.12252568
20210813_101000_OFF6.csv,Dwarf Tinamou,18.0,3.0,0.11302481
20210813_101000_OFF6.csv,Abyssinian Nightjar,33.0,3.0,0.12036687
20210822_003000_OFF3.csv,California Towhee,12.0,3.0,0.11201579
20210822_003000_OFF3.csv,Eurasian Eagle-Owl,18.0,3.0,0.18843614
20210822_003000_OFF3.csv,Indian Peafowl,18.0,3.0,0.10333573
20210815_155000_OFF0.csv,Rufous-browed Conebill,6.0,3.0,0.16608624
20210811_044000_OTH1.csv,Arabian Scops-Owl,15.0,3.0,0.15414146
20210811_044000_OTH1.csv,Arabian Scops-Owl,18.0,3.0,0.121325776
20210811_044000_OTH1.csv,Arabian Scops-Owl,21.0,3.0,0.17478438
20210811_044000_OTH1.csv,Arabian Scops-Owl,24.0,3.0,0.11369021
20210820_040000_OFF6.csv,Arabian Scops-Owl,33.0,3.0,0.10195966
20210820_040000_OFF6.csv,Arabian Scops-Owl,42.0,3.0,0.10330917
20210820_040000_OFF6.csv,Arabian Scops-Owl,51.0,3.0,0.100783594
20210814_124000_OFF6.csv,Common Poorwill,9.0,3.0,0.15699638
20210814_124000_OFF6.csv,Common Poorwill,15.0,3.0,0.19645682
20210814_124000_OFF6.csv,Common Poorwill,39.0,3.0,0.42677078
20210823_063000_OFF3.csv,Arabian Scops-Owl,33.0,3.0,0.17971429
20210816_014000_OFF6.csv,California Gnatcatcher,27.0,3.0,0.8675208000000001
20210816_014000_OFF6.csv,Northern Lapwing,27.0,3.0,0.13944988
20210816_014000_OFF6.csv,California Gnatcatcher,30.0,3.0,0.97759
20210816_014000_OFF6.csv,Northern Lapwing,30.0,3.0,0.48111513
20210816_014000_OFF6.csv,California Gnatcatcher,33.0,3.0,0.9880306000000001
20210816_014000_OFF6.csv,Northern Lapwing,33.0,3.0,0.21686509
20210816_014000_OFF6.csv,California Gnatcatcher,36.0,3.0,0.9834245999999999
20210816_014000_OFF6.csv,Northern Lapwing,36.0,3.0,0.2514131
20210816_014000_OFF6.csv,California Gnatcatcher,39.0,3.0,0.9518515
20210816_014000_OFF6.csv,Northern Lapwing,39.0,3.0,0.13715515
20210816_014000_OFF6.csv,California Gnatcatcher,42.0,3.0,0.9067963
20210816_014000_OFF6.csv,Northern Lapwing,42.0,3.0,0.40490848
20210816_014000_OFF6.csv,California Gnatcatcher,45.0,3.0,0.71793437
20210816_014000_OFF6.csv,Northern Lapwing,45.0,3.0,0.29945976
20210816_014000_OFF6.csv,California Gnatcatcher,48.0,3.0,0.9926819
20210816_014000_OFF6.csv,Northern Lapwing,48.0,3.0,0.11480647
20210816_014000_OFF6.csv,California Gnatcatcher,51.0,3.0,0.98749685
20210816_014000_OFF6.csv,Northern Lapwing,51.0,3.0,0.46133325
20210816_014000_OFF6.csv,California Gnatcatcher,54.0,3.0,0.99276936
20210816_014000_OFF6.csv,Northern Lapwing,54.0,3.0,0.22330263
20210816_014000_OFF6.csv,California Gnatcatcher,57.0,3.0,0.8489056
20210816_014000_OFF6.csv,Northern Lapwing,57.0,3.0,0.42084056
20210811_211000_OFF2.csv,Western Reef-Heron,39.0,3.0,0.12600294
20210811_211000_OFF2.csv,American Flamingo,42.0,3.0,0.11467686
20210811_211000_OFF2.csv,Greater Flamingo,45.0,3.0,0.13373774
20210811_211000_OFF2.csv,Chilean Flamingo,45.0,3.0,0.114778854
20210811_211000_OFF2.csv,American Flamingo,48.0,3.0,0.10641637
20210811_211000_OFF2.csv,Great Crested Tern,51.0,3.0,0.17493276
20210811_211000_OFF2.csv,Lesser Flamingo,54.0,3.0,0.16195907
20210820_003000_OFF4.csv,California Towhee,0.0,3.0,0.5466802
20210820_003000_OFF4.csv,Malachite Kingfisher,3.0,3.0,0.24432017
20210820_003000_OFF4.csv,California Towhee,15.0,3.0,0.14259815
20210820_003000_OFF4.csv,California Towhee,24.0,3.0,0.14908181
20210820_003000_OFF4.csv,California Towhee,33.0,3.0,0.1267141
20210811_023000_OFF2.csv,Bluethroat,15.0,3.0,0.24794903
20210811_023000_OFF2.csv,Bluethroat,18.0,3.0,0.102590635
20210823_135000_OFF3.csv,California Thrasher,0.0,3.0,0.19221786
20210823_135000_OFF3.csv,California Thrasher,3.0,3.0,0.1565799
20210823_135000_OFF3.csv,Chestnut-bellied Sandgrouse,3.0,3.0,0.12273656
20210823_135000_OFF3.csv,California Thrasher,15.0,3.0,0.62126553
20210823_135000_OFF3.csv,California Thrasher,18.0,3.0,0.21828516
20210823_135000_OFF3.csv,California Thrasher,27.0,3.0,0.41323665
20210823_135000_OFF3.csv,California Thrasher,30.0,3.0,0.15649417
20210823_135000_OFF3.csv,California Thrasher,33.0,3.0,0.7958429
20210823_135000_OFF3.csv,California Towhee,42.0,3.0,0.63177586
20210823_135000_OFF3.csv,California Thrasher,42.0,3.0,0.6156876
20210823_135000_OFF3.csv,Chestnut-bellied Sandgrouse,42.0,3.0,0.10457583
20210823_135000_OFF3.csv,Tropical Mockingbird,45.0,3.0,0.15530905
20210823_135000_OFF3.csv,California Towhee,48.0,3.0,0.7637498
20210823_135000_OFF3.csv,California Thrasher,48.0,3.0,0.10057749
20210823_135000_OFF3.csv,California Towhee,51.0,3.0,0.8226037
20210823_135000_OFF3.csv,California Thrasher,51.0,3.0,0.10626913
20210823_135000_OFF3.csv,Little Grassbird,54.0,3.0,0.18851328
20210823_135000_OFF3.csv,California Towhee,57.0,3.0,0.12944902
20210815_110000_OFF4.csv,Arabian Scops-Owl,6.0,3.0,0.17930545
20210815_110000_OFF4.csv,Arabian Scops-Owl,12.0,3.0,0.11723187
20210815_110000_OFF4.csv,Arabian Scops-Owl,33.0,3.0,0.14152862
20210818_041000_OTH0.csv,Sickle-winged Nightjar,12.0,3.0,0.11543998
20210818_041000_OTH0.csv,Andean Tit-Spinetail,33.0,3.0,0.12094722
20210823_030000_OFF0.csv,Arabian Scops-Owl,18.0,3.0,0.13831773
20210823_030000_OFF0.csv,Arabian Scops-Owl,24.0,3.0,0.22186826
20210823_030000_OFF0.csv,Arabian Scops-Owl,27.0,3.0,0.19721797
20210823_030000_OFF0.csv,Arabian Scops-Owl,30.0,3.0,0.1371135
20210823_030000_OFF0.csv,Arabian Scops-Owl,42.0,3.0,0.118162386
20210814_160000_OFF5.csv,Barn Swallow,42.0,3.0,0.3401163
20210812_011000_OFF1.csv,California Towhee,3.0,3.0,0.10025552
20210812_011000_OFF1.csv,California Towhee,6.0,3.0,0.2937046
20210812_011000_OFF1.csv,California Towhee,15.0,3.0,0.37717673
20210812_011000_OFF1.csv,Horned Lark,21.0,3.0,0.16811639
20210812_011000_OFF1.csv,California Towhee,27.0,3.0,0.13011871
20210812_011000_OFF1.csv,California Towhee,36.0,3.0,0.5149668
20210812_011000_OFF1.csv,California Towhee,42.0,3.0,0.19272286
20210814_031000_OFF5.csv,Dwarf Tinamou,30.0,3.0,0.14122356
20210814_031000_OFF5.csv,Scissor-tailed Nightjar,39.0,3.0,0.13082157
20210814_031000_OFF5.csv,Dwarf Tinamou,57.0,3.0,0.25393772
20210823_084000_OFF2.csv,Arabian Scops-Owl,9.0,3.0,0.13043708
20210823_084000_OFF2.csv,Arabian Scops-Owl,18.0,3.0,0.103719525
20210823_084000_OFF2.csv,Arabian Scops-Owl,21.0,3.0,0.16265787
20210823_084000_OFF2.csv,Arabian Scops-Owl,24.0,3.0,0.10956684
20210823_084000_OFF2.csv,Arabian Scops-Owl,27.0,3.0,0.114626594
20210823_084000_OFF2.csv,Arabian Scops-Owl,51.0,3.0,0.1155281
20210815_205000_OTH0.csv,Rook,21.0,3.0,0.14945675
20210824_173000_OFF0.csv,Northern Bald Ibis,6.0,3.0,0.19080193
20210824_173000_OFF0.csv,Common Eider,12.0,3.0,0.14893076
20210814_211000_OFF1.csv,Rook,48.0,3.0,0.10423688
20210814_203000_OFF7.csv,Ruff,18.0,3.0,0.10653443
20210814_203000_OFF7.csv,Horned Lark,27.0,3.0,0.11792472
20210814_203000_OFF7.csv,Horned Lark,30.0,3.0,0.11126544
20210812_193000_OFF7.csv,Harlequin Duck,15.0,3.0,0.13988976
20210812_193000_OFF7.csv,Black Skimmer,54.0,3.0,0.47407619999999995
20210816_052000_OFF6.csv,Arabian Scops-Owl,3.0,3.0,0.14933628
20210816_052000_OFF6.csv,Abyssinian Nightjar,3.0,3.0,0.11763098
20210816_052000_OFF6.csv,Abyssinian Nightjar,9.0,3.0,0.32108596
20210816_052000_OFF6.csv,Arabian Scops-Owl,12.0,3.0,0.12144448599999999
20210816_052000_OFF6.csv,Arabian Scops-Owl,15.0,3.0,0.1164067
20210816_052000_OFF6.csv,Abyssinian Nightjar,21.0,3.0,0.12590810000000002
20210816_052000_OFF6.csv,Abyssinian Nightjar,24.0,3.0,0.15951866
20210816_052000_OFF6.csv,Arabian Scops-Owl,27.0,3.0,0.17622061
20210816_052000_OFF6.csv,Abyssinian Nightjar,27.0,3.0,0.15694839
20210816_052000_OFF6.csv,Abyssinian Nightjar,33.0,3.0,0.23809384
20210816_052000_OFF6.csv,Arabian Scops-Owl,33.0,3.0,0.11893638
20210816_052000_OFF6.csv,Arabian Scops-Owl,36.0,3.0,0.14524720000000002
20210816_052000_OFF6.csv,Abyssinian Nightjar,36.0,3.0,0.13897096
20210816_052000_OFF6.csv,Arabian Scops-Owl,39.0,3.0,0.11154172
20210816_052000_OFF6.csv,Abyssinian Nightjar,42.0,3.0,0.18925573
20210816_052000_OFF6.csv,Arabian Scops-Owl,42.0,3.0,0.13612226
20210816_052000_OFF6.csv,Abyssinian Nightjar,51.0,3.0,0.35761228
20210816_052000_OFF6.csv,Abyssinian Nightjar,54.0,3.0,0.40284303
20210814_084000_OTH0.csv,Ground Parrot,15.0,3.0,0.121753134
20210814_084000_OTH0.csv,Arabian Scops-Owl,33.0,3.0,0.107469715
20210814_084000_OTH0.csv,Arabian Scops-Owl,42.0,3.0,0.121564165
20210814_084000_OTH0.csv,Arabian Scops-Owl,48.0,3.0,0.10037296
20210818_024000_OFF7.csv,California Towhee,3.0,3.0,0.37125453
20210818_024000_OFF7.csv,California Towhee,6.0,3.0,0.88060814
20210818_024000_OFF7.csv,American Kestrel,9.0,3.0,0.13999178
20210818_024000_OFF7.csv,California Towhee,12.0,3.0,0.64611477
20210818_024000_OFF7.csv,Malachite Kingfisher,12.0,3.0,0.23868833
20210818_024000_OFF7.csv,California Towhee,18.0,3.0,0.28958124
20210818_024000_OFF7.csv,California Towhee,21.0,3.0,0.8810129999999999
20210818_024000_OFF7.csv,California Towhee,24.0,3.0,0.24289781
20210818_024000_OFF7.csv,California Towhee,27.0,3.0,0.24235846
20210818_024000_OFF7.csv,California Towhee,30.0,3.0,0.91190153
20210818_024000_OFF7.csv,California Towhee,36.0,3.0,0.42679423
20210818_024000_OFF7.csv,Water Pipit,36.0,3.0,0.22314857
20210818_024000_OFF7.csv,California Towhee,39.0,3.0,0.52542156
20210818_024000_OFF7.csv,California Towhee,42.0,3.0,0.35988876
20210818_024000_OFF7.csv,California Towhee,48.0,3.0,0.30967373
20210818_024000_OFF7.csv,California Towhee,51.0,3.0,0.9065199
20210818_024000_OFF7.csv,Scissor-tailed Nightjar,51.0,3.0,0.13256942
20210818_024000_OFF7.csv,Andean Tit-Spinetail,51.0,3.0,0.10687518
20210818_024000_OFF7.csv,California Towhee,54.0,3.0,0.7316699000000001
20210818_024000_OFF7.csv,California Towhee,57.0,3.0,0.15338886
20210819_050000_OFF1.csv,Dwarf Tinamou,0.0,3.0,0.23325914
20210819_050000_OFF1.csv,Dwarf Tinamou,3.0,3.0,0.306152
20210819_050000_OFF1.csv,Dwarf Tinamou,6.0,3.0,0.28327322
20210819_050000_OFF1.csv,Dwarf Tinamou,9.0,3.0,0.11283067599999999
20210819_050000_OFF1.csv,Dwarf Tinamou,15.0,3.0,0.11766553
20210819_050000_OFF1.csv,Dwarf Tinamou,21.0,3.0,0.12370829
20210819_050000_OFF1.csv,Dwarf Tinamou,27.0,3.0,0.29025528
20210819_050000_OFF1.csv,Dwarf Tinamou,30.0,3.0,0.14146106
20210819_050000_OFF1.csv,Dwarf Tinamou,36.0,3.0,0.16582747
20210819_050000_OFF1.csv,Dwarf Tinamou,39.0,3.0,0.24448782
20210819_050000_OFF1.csv,Dwarf Tinamou,45.0,3.0,0.36626312
20210819_050000_OFF1.csv,Dwarf Tinamou,48.0,3.0,0.12385936
20210819_050000_OFF1.csv,Dwarf Tinamou,51.0,3.0,0.23114096
20210819_050000_OFF1.csv,Dwarf Tinamou,54.0,3.0,0.1599165
20210819_050000_OFF1.csv,Dwarf Tinamou,57.0,3.0,0.26462427
20210816_021000_OTH0.csv,Wrentit,45.0,3.0,0.12561123
20210816_021000_OTH0.csv,Wrentit,48.0,3.0,0.16392407
20210816_021000_OTH0.csv,Band-tailed Earthcreeper,54.0,3.0,0.20829189999999997
20210816_021000_OTH0.csv,Wrentit,54.0,3.0,0.19520098
20210816_224000_OFF7.csv,California Towhee,0.0,3.0,0.52888685
20210816_224000_OFF7.csv,Water Pipit,0.0,3.0,0.16964273
20210816_224000_OFF7.csv,California Towhee,3.0,3.0,0.8592921999999998
20210816_224000_OFF7.csv,Malachite Kingfisher,3.0,3.0,0.101321585
20210816_224000_OFF7.csv,California Towhee,6.0,3.0,0.9441845999999999
20210816_224000_OFF7.csv,California Towhee,9.0,3.0,0.6575116999999999
20210816_224000_OFF7.csv,California Towhee,12.0,3.0,0.5543901999999999
20210816_224000_OFF7.csv,California Towhee,15.0,3.0,0.8059717
20210816_224000_OFF7.csv,Malachite Kingfisher,15.0,3.0,0.39169738
20210816_224000_OFF7.csv,California Towhee,18.0,3.0,0.70555675
20210816_224000_OFF7.csv,Malachite Kingfisher,18.0,3.0,0.31568325
20210816_224000_OFF7.csv,California Towhee,21.0,3.0,0.9484796999999998
20210816_224000_OFF7.csv,California Towhee,24.0,3.0,0.78572416
20210816_224000_OFF7.csv,California Towhee,27.0,3.0,0.8392527
20210816_224000_OFF7.csv,Malachite Kingfisher,27.0,3.0,0.19608773
20210816_224000_OFF7.csv,Rock Pipit,27.0,3.0,0.117643245
20210816_224000_OFF7.csv,California Towhee,30.0,3.0,0.7914403
20210816_224000_OFF7.csv,California Towhee,33.0,3.0,0.82987124
20210816_224000_OFF7.csv,California Towhee,36.0,3.0,0.94465816
20210816_224000_OFF7.csv,California Towhee,39.0,3.0,0.9026931
20210816_224000_OFF7.csv,Malachite Kingfisher,39.0,3.0,0.10780379
20210816_224000_OFF7.csv,California Towhee,42.0,3.0,0.42608365
20210816_224000_OFF7.csv,California Towhee,45.0,3.0,0.84691805
20210816_224000_OFF7.csv,California Towhee,48.0,3.0,0.95952666
20210816_224000_OFF7.csv,California Towhee,51.0,3.0,0.92582583
20210816_224000_OFF7.csv,California Towhee,54.0,3.0,0.7721151999999999
20210816_224000_OFF7.csv,California Towhee,57.0,3.0,0.88922584
20210812_083000_OFF1.csv,Arabian Scops-Owl,0.0,3.0,0.20166487
20210812_083000_OFF1.csv,Arabian Scops-Owl,3.0,3.0,0.108265236
20210812_083000_OFF1.csv,Arabian Scops-Owl,6.0,3.0,0.32517716
20210812_083000_OFF1.csv,Arabian Scops-Owl,9.0,3.0,0.11418786
20210812_083000_OFF1.csv,Abyssinian Nightjar,12.0,3.0,0.21434514
20210812_083000_OFF1.csv,Arabian Scops-Owl,12.0,3.0,0.20053641
20210812_083000_OFF1.csv,Dwarf Tinamou,15.0,3.0,0.12207950000000001
20210812_083000_OFF1.csv,Arabian Scops-Owl,18.0,3.0,0.16378804
20210812_083000_OFF1.csv,Arabian Scops-Owl,21.0,3.0,0.31806377
20210812_083000_OFF1.csv,Arabian Scops-Owl,24.0,3.0,0.16155344
20210812_083000_OFF1.csv,Scissor-tailed Nightjar,42.0,3.0,0.1996144
20210819_093000_OFF1.csv,Dwarf Tinamou,9.0,3.0,0.10337794
20210819_093000_OFF1.csv,Liben Lark,54.0,3.0,0.16345185
20210819_093000_OFF1.csv,Dwarf Tinamou,57.0,3.0,0.13424395
20210815_183000_OFF1.csv,California Towhee,27.0,3.0,0.22537889999999997
20210815_183000_OFF1.csv,Blue-throated Bee-eater,45.0,3.0,0.12429029
20210815_183000_OFF1.csv,Desert Finch,45.0,3.0,0.115496315
20210824_160000_OFF3.csv,Rufous-browed Conebill,0.0,3.0,0.38815720000000004
20210824_160000_OFF3.csv,California Thrasher,24.0,3.0,0.13650979
20210821_024000_OFF5.csv,Arabian Scops-Owl,0.0,3.0,0.11462097
20210821_024000_OFF5.csv,Dwarf Tinamou,24.0,3.0,0.1415888
20210821_024000_OFF5.csv,Dwarf Tinamou,36.0,3.0,0.19211197
20210821_024000_OFF5.csv,Dwarf Tinamou,45.0,3.0,0.13603482
20210811_003000_OFF2.csv,California Towhee,3.0,3.0,0.7540068
20210811_003000_OFF2.csv,California Towhee,9.0,3.0,0.9201046999999999
20210811_003000_OFF2.csv,California Towhee,21.0,3.0,0.16472444
20210811_003000_OFF2.csv,California Towhee,48.0,3.0,0.90208334
20210814_224000_OFF2.csv,Stripe-backed Bittern,45.0,3.0,0.116894364
20210824_091000_OTH0.csv,Ground Parrot,12.0,3.0,0.15750034
20210824_091000_OTH0.csv,Arabian Scops-Owl,24.0,3.0,0.10450898
20210824_091000_OTH0.csv,Ground Parrot,27.0,3.0,0.107566535
20210824_091000_OTH0.csv,Ground Parrot,30.0,3.0,0.16041626
20210824_091000_OTH0.csv,Ground Parrot,33.0,3.0,0.10596813
20210824_091000_OTH0.csv,Ground Parrot,39.0,3.0,0.10468244
20210824_091000_OTH0.csv,Arabian Scops-Owl,45.0,3.0,0.15128545
20210824_091000_OTH0.csv,Arabian Scops-Owl,48.0,3.0,0.14808416
20210817_193000_OFF6.csv,California Gnatcatcher,12.0,3.0,0.31694365
20210817_193000_OFF6.csv,Beach Thick-knee,21.0,3.0,0.52800447
20210817_193000_OFF6.csv,Scaly-breasted Munia,21.0,3.0,0.3525395
20210817_193000_OFF6.csv,Dwarf Tinamou,21.0,3.0,0.29170197
20210817_193000_OFF6.csv,Double-banded Courser,21.0,3.0,0.11386315
20210817_193000_OFF6.csv,California Gnatcatcher,33.0,3.0,0.64974934
20210823_032000_OTH0.csv,Arabian Scops-Owl,0.0,3.0,0.19765352
20210823_032000_OTH0.csv,Arabian Scops-Owl,3.0,3.0,0.11702664
20210823_032000_OTH0.csv,Arabian Scops-Owl,9.0,3.0,0.1565204
20210823_032000_OTH0.csv,Arabian Scops-Owl,12.0,3.0,0.35455608
20210823_032000_OTH0.csv,Arabian Scops-Owl,15.0,3.0,0.21314104
20210823_032000_OTH0.csv,Arabian Scops-Owl,45.0,3.0,0.17552829
20210823_032000_OTH0.csv,Arabian Scops-Owl,51.0,3.0,0.1245001
20210814_232000_OFF1.csv,Pearl Kite,36.0,3.0,0.38147065
20210814_232000_OFF1.csv,Wrentit,36.0,3.0,0.14115694
20210814_232000_OFF1.csv,Wrentit,39.0,3.0,0.38182563
20210814_232000_OFF1.csv,Wrentit,42.0,3.0,0.6344696
20210814_232000_OFF1.csv,Reed Parrotbill,42.0,3.0,0.46193162
20210814_232000_OFF1.csv,Wrentit,48.0,3.0,0.14280204
20210816_141000_OFF7.csv,California Thrasher,18.0,3.0,0.16687256
20210816_141000_OFF7.csv,California Thrasher,36.0,3.0,0.37493077
20210816_141000_OFF7.csv,Rainbow Bee-eater,36.0,3.0,0.23886959
20210816_141000_OFF7.csv,Blue-tailed Bee-eater,36.0,3.0,0.13120237
20210816_141000_OFF7.csv,Monk Parakeet,51.0,3.0,0.16124716
20210819_114000_OFF2.csv,Dwarf Tinamou,0.0,3.0,0.82330185
20210819_114000_OFF2.csv,Dwarf Tinamou,3.0,3.0,0.27534115
20210819_114000_OFF2.csv,Dwarf Tinamou,6.0,3.0,0.7164193
20210819_114000_OFF2.csv,Dwarf Tinamou,9.0,3.0,0.34649712
20210819_114000_OFF2.csv,Dwarf Tinamou,12.0,3.0,0.2637531
20210819_114000_OFF2.csv,Dwarf Tinamou,15.0,3.0,0.599852
20210819_114000_OFF2.csv,Dwarf Tinamou,18.0,3.0,0.14926307
20210819_114000_OFF2.csv,Dwarf Tinamou,21.0,3.0,0.7024433000000001
20210819_114000_OFF2.csv,Dwarf Tinamou,24.0,3.0,0.61584455
20210819_114000_OFF2.csv,Dwarf Tinamou,27.0,3.0,0.5792514
20210819_114000_OFF2.csv,Dwarf Tinamou,30.0,3.0,0.3378359
20210819_114000_OFF2.csv,Dwarf Tinamou,33.0,3.0,0.47353595
20210819_114000_OFF2.csv,Dwarf Tinamou,36.0,3.0,0.7388106
20210819_114000_OFF2.csv,Dwarf Tinamou,39.0,3.0,0.3565738
20210819_114000_OFF2.csv,Dwarf Tinamou,42.0,3.0,0.40170866
20210819_114000_OFF2.csv,Dwarf Tinamou,45.0,3.0,0.6143988
20210819_114000_OFF2.csv,Royal Tern,45.0,3.0,0.16055024
20210819_114000_OFF2.csv,Dwarf Tinamou,48.0,3.0,0.48785794
20210819_114000_OFF2.csv,Dwarf Tinamou,51.0,3.0,0.39053074
20210819_114000_OFF2.csv,Dwarf Tinamou,54.0,3.0,0.2742663
20210819_114000_OFF2.csv,Dwarf Tinamou,57.0,3.0,0.5269244000000001
20210813_060000_OFF2.csv,Arabian Scops-Owl,6.0,3.0,0.11097115
20210813_060000_OFF2.csv,Arabian Scops-Owl,15.0,3.0,0.24391629
20210813_060000_OFF2.csv,Arabian Scops-Owl,18.0,3.0,0.31200433
20210813_060000_OFF2.csv,Arabian Scops-Owl,21.0,3.0,0.1356476
20210813_060000_OFF2.csv,Arabian Scops-Owl,24.0,3.0,0.22064443
20210813_060000_OFF2.csv,Abyssinian Nightjar,24.0,3.0,0.17515123
20210813_060000_OFF2.csv,Arabian Scops-Owl,27.0,3.0,0.51076776
20210813_060000_OFF2.csv,Arabian Scops-Owl,30.0,3.0,0.25649166
20210813_060000_OFF2.csv,Arabian Scops-Owl,33.0,3.0,0.13938576
20210813_060000_OFF2.csv,Arabian Scops-Owl,36.0,3.0,0.14131662
20210813_060000_OFF2.csv,Abyssinian Nightjar,36.0,3.0,0.10620853
20210813_060000_OFF2.csv,Arabian Scops-Owl,39.0,3.0,0.10764592
20210813_060000_OFF2.csv,Philippine Frogmouth,51.0,3.0,0.10594083
20210819_050000_OTH0.csv,Common Poorwill,3.0,3.0,0.55189276
20210819_050000_OTH0.csv,Common Poorwill,6.0,3.0,0.4009393
20210819_050000_OTH0.csv,Common Poorwill,15.0,3.0,0.98842293
20210819_050000_OTH0.csv,Common Poorwill,18.0,3.0,0.10269191
20210819_050000_OTH0.csv,Common Poorwill,21.0,3.0,0.7442656999999999
20210819_050000_OTH0.csv,Arabian Scops-Owl,24.0,3.0,0.11377832
20210819_050000_OTH0.csv,Common Poorwill,27.0,3.0,0.85014987
20210819_050000_OTH0.csv,Common Poorwill,30.0,3.0,0.120652035
20210819_050000_OTH0.csv,Common Poorwill,33.0,3.0,0.88248855
20210819_050000_OTH0.csv,Common Poorwill,36.0,3.0,0.91881216
20210819_050000_OTH0.csv,Spot-breasted Ibis,39.0,3.0,0.22008009
20210819_050000_OTH0.csv,Common Poorwill,42.0,3.0,0.29927972
20210819_050000_OTH0.csv,Common Poorwill,45.0,3.0,0.44465029999999994
20210819_050000_OTH0.csv,Common Poorwill,48.0,3.0,0.9375230999999999
20210819_050000_OTH0.csv,Eurasian Scops-Owl,48.0,3.0,0.24945296
20210819_050000_OTH0.csv,Common Poorwill,51.0,3.0,0.54677564
20210819_050000_OTH0.csv,Common Poorwill,54.0,3.0,0.9025943000000001
20210819_050000_OTH0.csv,Common Poorwill,57.0,3.0,0.9111582
20210819_073000_OFF1.csv,Dwarf Tinamou,0.0,3.0,0.5530459
20210819_073000_OFF1.csv,Dwarf Tinamou,6.0,3.0,0.23085414
20210819_073000_OFF1.csv,Dwarf Tinamou,9.0,3.0,0.44288006
20210819_073000_OFF1.csv,Dwarf Tinamou,12.0,3.0,0.42689988
20210819_073000_OFF1.csv,Dwarf Tinamou,15.0,3.0,0.48494983
20210819_073000_OFF1.csv,Dwarf Tinamou,18.0,3.0,0.42719750000000006
20210819_073000_OFF1.csv,Dwarf Tinamou,21.0,3.0,0.27658337
20210819_073000_OFF1.csv,Dwarf Tinamou,24.0,3.0,0.40896803
20210819_073000_OFF1.csv,Dwarf Tinamou,27.0,3.0,0.44933423
20210819_073000_OFF1.csv,Dwarf Tinamou,30.0,3.0,0.18052173
20210819_073000_OFF1.csv,Dwarf Tinamou,33.0,3.0,0.39506656
20210819_073000_OFF1.csv,Dwarf Tinamou,36.0,3.0,0.51005626
20210819_073000_OFF1.csv,Dwarf Tinamou,39.0,3.0,0.5189573000000001
20210819_073000_OFF1.csv,Dwarf Tinamou,42.0,3.0,0.34836644
20210819_073000_OFF1.csv,Dwarf Tinamou,45.0,3.0,0.27130198
20210819_073000_OFF1.csv,Dwarf Tinamou,48.0,3.0,0.5200098
20210819_073000_OFF1.csv,Dwarf Tinamou,51.0,3.0,0.34158614
20210819_073000_OFF1.csv,Dwarf Tinamou,54.0,3.0,0.5652265000000001
20210819_073000_OFF1.csv,Dwarf Tinamou,57.0,3.0,0.61206466
20210822_055000_OFF3.csv,Corn Bunting,30.0,3.0,0.47353435
20210822_055000_OFF3.csv,Bare-throated Tiger-Heron,36.0,3.0,0.13712998
20210822_055000_OFF3.csv,Chaco Owl,51.0,3.0,0.117586836
20210822_055000_OFF3.csv,Flavescent Warbler,57.0,3.0,0.12986699
20210818_140000_OFF1.csv,Black-headed Grosbeak,0.0,3.0,0.48996943
20210818_140000_OFF1.csv,Black-headed Grosbeak,3.0,3.0,0.25122538
20210818_140000_OFF1.csv,Rose-breasted Grosbeak,6.0,3.0,0.6687524
20210818_140000_OFF1.csv,Black-headed Grosbeak,6.0,3.0,0.29223263
20210818_140000_OFF1.csv,Golden Grosbeak,6.0,3.0,0.12599197
20210818_140000_OFF1.csv,Black-headed Grosbeak,9.0,3.0,0.58355886
20210818_140000_OFF1.csv,Rose-breasted Grosbeak,9.0,3.0,0.15962674
20210818_140000_OFF1.csv,Rose-breasted Grosbeak,12.0,3.0,0.22685167
20210818_140000_OFF1.csv,Black-headed Grosbeak,12.0,3.0,0.16076882
20210818_140000_OFF1.csv,Rose-breasted Grosbeak,15.0,3.0,0.29116172
20210818_140000_OFF1.csv,Black-headed Grosbeak,15.0,3.0,0.10575334
20210818_140000_OFF1.csv,Rose-breasted Grosbeak,18.0,3.0,0.5274228
20210818_140000_OFF1.csv,Black-headed Grosbeak,18.0,3.0,0.24477544
20210818_140000_OFF1.csv,Golden Grosbeak,18.0,3.0,0.13085292
20210818_140000_OFF1.csv,Plain-mantled Tit-Spinetail,18.0,3.0,0.115548275
20210818_140000_OFF1.csv,Black-headed Grosbeak,21.0,3.0,0.15222535
20210818_140000_OFF1.csv,Black-headed Grosbeak,27.0,3.0,0.346308
20210818_140000_OFF1.csv,Rose-breasted Grosbeak,27.0,3.0,0.11779994
20210818_140000_OFF1.csv,Black-headed Grosbeak,30.0,3.0,0.5000803
20210818_140000_OFF1.csv,Golden Grosbeak,30.0,3.0,0.29209137
20210818_140000_OFF1.csv,Rose-breasted Grosbeak,30.0,3.0,0.19371653
20210818_140000_OFF1.csv,Black-headed Grosbeak,42.0,3.0,0.18714824
20210818_140000_OFF1.csv,Rose-breasted Grosbeak,45.0,3.0,0.32602718
20210818_140000_OFF1.csv,Black-headed Grosbeak,45.0,3.0,0.25913456
20210818_140000_OFF1.csv,Golden Grosbeak,48.0,3.0,0.38853905
20210818_140000_OFF1.csv,Rose-breasted Grosbeak,48.0,3.0,0.2737829
20210818_140000_OFF1.csv,Black-headed Grosbeak,48.0,3.0,0.23342699
20210818_140000_OFF1.csv,Black-headed Grosbeak,57.0,3.0,0.28376892
20210823_215000_OTH0.csv,Desert Finch,9.0,3.0,0.12062705
20210823_215000_OTH0.csv,Nutting's Flycatcher,15.0,3.0,0.24182379
20210823_215000_OTH0.csv,Common Raven,36.0,3.0,0.13337883
20210823_215000_OTH0.csv,Desert Finch,42.0,3.0,0.37601778
20210822_135000_OFF5.csv,California Towhee,0.0,3.0,0.91860276
20210822_135000_OFF5.csv,Malachite Kingfisher,3.0,3.0,0.1391308
20210822_135000_OFF5.csv,California Towhee,6.0,3.0,0.74487555
20210822_135000_OFF5.csv,California Towhee,9.0,3.0,0.6629674
20210822_135000_OFF5.csv,California Towhee,15.0,3.0,0.20301376
20210822_135000_OFF5.csv,California Towhee,21.0,3.0,0.22545789
20210822_135000_OFF5.csv,California Towhee,24.0,3.0,0.49242073
20210822_135000_OFF5.csv,White-rumped Sandpiper,30.0,3.0,0.2982067
20210822_135000_OFF5.csv,California Towhee,30.0,3.0,0.14014272
20210822_135000_OFF5.csv,California Towhee,33.0,3.0,0.6799525
20210822_135000_OFF5.csv,Malachite Kingfisher,33.0,3.0,0.58853215
20210822_135000_OFF5.csv,Meadow Pipit,33.0,3.0,0.25353244
20210822_135000_OFF5.csv,Water Pipit,33.0,3.0,0.1683429
20210822_135000_OFF5.csv,California Towhee,39.0,3.0,0.35091713
20210822_135000_OFF5.csv,California Towhee,42.0,3.0,0.502927
20210822_135000_OFF5.csv,White-rumped Sandpiper,42.0,3.0,0.1415256
20210822_135000_OFF5.csv,California Towhee,45.0,3.0,0.5123377
20210821_093000_OFF7.csv,Dwarf Tinamou,33.0,3.0,0.21924847
20210821_093000_OFF7.csv,Dwarf Tinamou,42.0,3.0,0.16810848
20210821_093000_OFF7.csv,Dwarf Tinamou,45.0,3.0,0.13425323
20210820_101000_OFF2.csv,Arabian Scops-Owl,9.0,3.0,0.10749575
20210820_101000_OFF2.csv,Arabian Scops-Owl,24.0,3.0,0.10716915
20210820_101000_OFF2.csv,Scissor-tailed Nightjar,33.0,3.0,0.13190533
20210820_101000_OFF2.csv,Arabian Scops-Owl,42.0,3.0,0.11911224
20210821_112000_OTH0.csv,Red-breasted Nuthatch,9.0,3.0,0.45206440000000003
20210821_112000_OTH0.csv,Andean Avocet,9.0,3.0,0.13643251
20210823_150000_OFF6.csv,California Towhee,12.0,3.0,0.12964132
20210823_150000_OFF6.csv,California Towhee,36.0,3.0,0.11418682
20210823_150000_OFF6.csv,Northern Bald Ibis,48.0,3.0,0.75031316
20210823_150000_OFF6.csv,Crested Guan,57.0,3.0,0.72269887
20210820_185000_OTH1.csv,American Flamingo,0.0,3.0,0.22213626
20210820_185000_OTH1.csv,Rook,6.0,3.0,0.11148354
20210817_182000_OFF7.csv,California Thrasher,12.0,3.0,0.15393034
20210817_182000_OFF7.csv,Blue-tailed Bee-eater,18.0,3.0,0.18864566
20210817_182000_OFF7.csv,California Thrasher,18.0,3.0,0.1872125
20210817_182000_OFF7.csv,Watercock,39.0,3.0,0.20709908
20210814_164000_OFF0.csv,Horned Lark,24.0,3.0,0.103256576
20210819_043000_OFF7.csv,Abyssinian Nightjar,30.0,3.0,0.13423838
20210819_043000_OFF7.csv,Beach Thick-knee,30.0,3.0,0.12497581
20210822_135000_OFF0.csv,White-winged Crossbill,9.0,3.0,0.20115964
20210822_135000_OFF0.csv,Yellow-crowned Night-Heron,9.0,3.0,0.119736515
20210822_135000_OFF0.csv,Southern Whiteface,45.0,3.0,0.23307894
20210816_132000_OFF2.csv,Sincora Antwren,21.0,3.0,0.3790562
20210816_132000_OFF2.csv,Lesser Sand-Plover,21.0,3.0,0.24650899
20210816_132000_OFF2.csv,Wrentit,24.0,3.0,0.8604076999999999
20210816_132000_OFF2.csv,Reed Parrotbill,24.0,3.0,0.4872519
20210816_132000_OFF2.csv,Wrentit,30.0,3.0,0.9134134
20210816_132000_OFF2.csv,Piping Cisticola,30.0,3.0,0.26237744
20210816_132000_OFF2.csv,Reed Parrotbill,30.0,3.0,0.1288394
20210816_132000_OFF2.csv,Wrentit,33.0,3.0,0.7894183000000001
20210816_132000_OFF2.csv,Reed Parrotbill,33.0,3.0,0.5751748000000001
20210816_132000_OFF2.csv,Chestnut-vented Nuthatch,33.0,3.0,0.24783896
20210816_132000_OFF2.csv,Bridled Titmouse,33.0,3.0,0.16010252
20210816_132000_OFF2.csv,Wrentit,39.0,3.0,0.578364
20210816_132000_OFF2.csv,Reed Parrotbill,39.0,3.0,0.15955608
20210816_132000_OFF2.csv,Wrentit,45.0,3.0,0.31295443
20210816_132000_OFF2.csv,Wrentit,48.0,3.0,0.9807788000000001
20210816_132000_OFF2.csv,Reed Parrotbill,48.0,3.0,0.73718065
20210821_091000_OFF5.csv,Arabian Scops-Owl,0.0,3.0,0.20840335
20210813_024000_OFF6.csv,Eurasian Eagle-Owl,18.0,3.0,0.32673737
20210813_024000_OFF6.csv,Trumpeter Swan,18.0,3.0,0.25373703
20210813_024000_OFF6.csv,Great Horned Owl,18.0,3.0,0.11419197
20210813_024000_OFF6.csv,Wrentit,33.0,3.0,0.5082559
20210813_024000_OFF6.csv,Wrentit,36.0,3.0,0.5473629
20210813_024000_OFF6.csv,Reed Parrotbill,36.0,3.0,0.41550735
20210813_024000_OFF6.csv,Parrot Crossbill,39.0,3.0,0.10435954
20210813_024000_OFF6.csv,Wrentit,42.0,3.0,0.25003055
20210813_024000_OFF6.csv,Reed Parrotbill,42.0,3.0,0.13189845
20210813_024000_OFF6.csv,Wrentit,45.0,3.0,0.18366104
20210813_024000_OFF6.csv,Lesser Sand-Plover,45.0,3.0,0.10850631
20210813_024000_OFF6.csv,Wrentit,48.0,3.0,0.34420067
20210813_024000_OFF6.csv,Reed Parrotbill,48.0,3.0,0.15407334
20210813_024000_OFF6.csv,Wrentit,54.0,3.0,0.116092116
20210820_023000_OFF4.csv,Baudin's Black-Cockatoo,27.0,3.0,0.3330014
20210820_023000_OFF4.csv,Bald Eagle,27.0,3.0,0.23408929
20210820_023000_OFF4.csv,Great Slaty Woodpecker,27.0,3.0,0.13193347
20210820_023000_OFF4.csv,Plush-crested Jay,27.0,3.0,0.122883156
20210820_023000_OFF4.csv,Piratic Flycatcher,30.0,3.0,0.12174799
20210820_023000_OFF4.csv,Piratic Flycatcher,39.0,3.0,0.2851458
20210820_023000_OFF4.csv,Royal Tern,39.0,3.0,0.10259651
20210820_023000_OFF4.csv,Indian Gray Hornbill,45.0,3.0,0.27448490000000003
20210820_023000_OFF4.csv,Mew Gull,45.0,3.0,0.18605174
20210820_023000_OFF4.csv,Glaucous-winged Gull,45.0,3.0,0.10348395
20210820_023000_OFF4.csv,Wallace's Hawk-Eagle,48.0,3.0,0.104164176
20210820_023000_OFF4.csv,Indian Gray Hornbill,51.0,3.0,0.2182862
20210820_023000_OFF4.csv,Royal Tern,51.0,3.0,0.14859948
20210820_023000_OFF4.csv,Glaucous-winged Gull,54.0,3.0,0.31965706
20210820_023000_OFF4.csv,Yellow-legged Gull,54.0,3.0,0.15298925
20210820_023000_OFF4.csv,Indian Gray Hornbill,54.0,3.0,0.10610831
20210812_192000_OTH1.csv,California Towhee,21.0,3.0,0.1563071
20210812_093000_OTH1.csv,Arabian Scops-Owl,24.0,3.0,0.12356980000000001
20210813_122000_OFF1.csv,Dwarf Tinamou,42.0,3.0,0.11650743
20210813_122000_OFF1.csv,Dwarf Tinamou,45.0,3.0,0.13040504
20210813_235000_OFF6.csv,Chihuahuan Raven,12.0,3.0,0.64316964
20210813_235000_OFF6.csv,Chihuahuan Raven,15.0,3.0,0.15075722
20210813_235000_OFF6.csv,Chihuahuan Raven,18.0,3.0,0.5607269
20210813_235000_OFF6.csv,Chihuahuan Raven,24.0,3.0,0.47334865
20210813_235000_OFF6.csv,Common Raven,24.0,3.0,0.45406827
20210813_235000_OFF6.csv,Fan-tailed Raven,24.0,3.0,0.13533081
20210813_235000_OFF6.csv,Chihuahuan Raven,57.0,3.0,0.30470422
20210817_035000_OFF6.csv,Dwarf Tinamou,12.0,3.0,0.19130443
20210817_035000_OFF6.csv,Abyssinian Nightjar,39.0,3.0,0.1348073
20210819_161000_OTH1.csv,American Flamingo,3.0,3.0,0.10436806
20210819_161000_OTH1.csv,Long-eared Owl,42.0,3.0,0.10777793
20210819_161000_OTH1.csv,California Gnatcatcher,45.0,3.0,0.30144495
20210819_161000_OTH1.csv,Long-eared Owl,45.0,3.0,0.11010993
20210822_035000_OFF7.csv,Abyssinian Nightjar,3.0,3.0,0.11914136
20210822_035000_OFF7.csv,Abyssinian Nightjar,6.0,3.0,0.14063469
20210822_035000_OFF7.csv,Chaco Owl,15.0,3.0,0.12598272
20210822_035000_OFF7.csv,Great Horned Owl,15.0,3.0,0.10633884
20210822_035000_OFF7.csv,Chaco Owl,18.0,3.0,0.30013344
20210822_035000_OFF7.csv,Abyssinian Nightjar,18.0,3.0,0.21172027
20210822_035000_OFF7.csv,Band-winged Nightjar,18.0,3.0,0.12227225
20210811_135000_OFF4.csv,Anna's Hummingbird,39.0,3.0,0.99004036
20210811_135000_OFF4.csv,Anna's Hummingbird,42.0,3.0,0.9098156
20210811_135000_OFF4.csv,Anna's Hummingbird,45.0,3.0,0.9124636
20210811_135000_OFF4.csv,Anna's Hummingbird,48.0,3.0,0.42062306
20210811_135000_OFF4.csv,Anna's Hummingbird,57.0,3.0,0.993317
20210819_013000_OFF0.csv,California Towhee,0.0,3.0,0.82022375
20210819_013000_OFF0.csv,California Thrasher,3.0,3.0,0.24737634
20210819_013000_OFF0.csv,California Thrasher,6.0,3.0,0.9154953000000001
20210819_013000_OFF0.csv,California Towhee,9.0,3.0,0.23128615
20210819_013000_OFF0.csv,California Towhee,12.0,3.0,0.16851716
20210819_013000_OFF0.csv,Malachite Kingfisher,15.0,3.0,0.28209805
20210819_013000_OFF0.csv,California Towhee,15.0,3.0,0.22970727
20210819_013000_OFF0.csv,California Towhee,18.0,3.0,0.5103713
20210819_013000_OFF0.csv,California Towhee,21.0,3.0,0.3112472
20210819_013000_OFF0.csv,California Towhee,24.0,3.0,0.64522403
20210819_013000_OFF0.csv,Malachite Kingfisher,27.0,3.0,0.23989214
20210819_013000_OFF0.csv,California Towhee,27.0,3.0,0.15562975
20210819_013000_OFF0.csv,California Towhee,30.0,3.0,0.7548529
20210819_013000_OFF0.csv,Malachite Kingfisher,30.0,3.0,0.14320175
20210819_013000_OFF0.csv,California Towhee,33.0,3.0,0.45155454
20210819_013000_OFF0.csv,Malachite Kingfisher,33.0,3.0,0.10166744
20210819_013000_OFF0.csv,California Towhee,36.0,3.0,0.9023982
20210819_013000_OFF0.csv,Meadow Pipit,36.0,3.0,0.10721216
20210819_013000_OFF0.csv,California Towhee,39.0,3.0,0.8509896999999998
20210819_013000_OFF0.csv,Malachite Kingfisher,42.0,3.0,0.23464315
20210819_013000_OFF0.csv,Golden-crowned Sparrow,42.0,3.0,0.20573123
20210819_013000_OFF0.csv,California Towhee,42.0,3.0,0.17111833
20210819_013000_OFF0.csv,Yellow Bishop,42.0,3.0,0.10839971
20210819_013000_OFF0.csv,California Towhee,45.0,3.0,0.7856995
20210819_013000_OFF0.csv,California Towhee,48.0,3.0,0.81636566
20210819_013000_OFF0.csv,California Towhee,51.0,3.0,0.86454165
20210819_013000_OFF0.csv,California Towhee,54.0,3.0,0.5516944
20210819_013000_OFF0.csv,California Towhee,57.0,3.0,0.9815106
20210812_020000_OFF0.csv,Blue-tailed Bee-eater,3.0,3.0,0.39131796
20210812_020000_OFF0.csv,Blue-throated Bee-eater,3.0,3.0,0.13889149
20210816_073000_OFF6.csv,Arabian Scops-Owl,0.0,3.0,0.11362245
20210816_073000_OFF6.csv,Abyssinian Nightjar,9.0,3.0,0.15775426
20210816_073000_OFF6.csv,Abyssinian Nightjar,12.0,3.0,0.19371064
20210816_073000_OFF6.csv,Arabian Scops-Owl,15.0,3.0,0.2995625
20210816_073000_OFF6.csv,Abyssinian Nightjar,15.0,3.0,0.21475883
20210816_073000_OFF6.csv,Abyssinian Nightjar,21.0,3.0,0.23624547
20210816_073000_OFF6.csv,Abyssinian Nightjar,24.0,3.0,0.14792368
20210816_073000_OFF6.csv,Abyssinian Nightjar,27.0,3.0,0.26426196
20210816_073000_OFF6.csv,Arabian Scops-Owl,27.0,3.0,0.11304661
20210816_073000_OFF6.csv,Abyssinian Nightjar,30.0,3.0,0.44073462
20210816_073000_OFF6.csv,Arabian Scops-Owl,30.0,3.0,0.21441774
20210816_073000_OFF6.csv,Western Screech-Owl,30.0,3.0,0.10015541
20210816_073000_OFF6.csv,Abyssinian Nightjar,39.0,3.0,0.24578461
20210816_073000_OFF6.csv,Abyssinian Nightjar,42.0,3.0,0.52154464
20210816_073000_OFF6.csv,Abyssinian Nightjar,45.0,3.0,0.21394956
20210816_073000_OFF6.csv,Abyssinian Nightjar,57.0,3.0,0.13750410000000002
20210821_154000_OFF2.csv,Reed Parrotbill,39.0,3.0,0.45156202
20210821_154000_OFF2.csv,Wood Sandpiper,39.0,3.0,0.29399905
20210821_154000_OFF2.csv,Wrentit,39.0,3.0,0.25193125
20210821_154000_OFF2.csv,Wood Lark,39.0,3.0,0.15288064
20210821_154000_OFF2.csv,Wrentit,42.0,3.0,0.19892512
20210821_154000_OFF2.csv,Reed Parrotbill,42.0,3.0,0.16164315
20210821_154000_OFF2.csv,European Greenfinch,42.0,3.0,0.11045509
20210821_154000_OFF2.csv,Wrentit,45.0,3.0,0.45566338
20210821_154000_OFF2.csv,Reed Parrotbill,45.0,3.0,0.44679179999999996
20210821_154000_OFF2.csv,Wood Sandpiper,45.0,3.0,0.21620926
20210821_154000_OFF2.csv,Piping Cisticola,45.0,3.0,0.14484337
20210821_154000_OFF2.csv,European Greenfinch,48.0,3.0,0.12120265
20210813_154000_OTH0.csv,Wrentit,15.0,3.0,0.11736886
20210813_154000_OTH0.csv,Wrentit,24.0,3.0,0.103155464
20210813_154000_OTH0.csv,Wrentit,36.0,3.0,0.5230651
20210813_154000_OTH0.csv,Reed Parrotbill,36.0,3.0,0.108363174
20210813_154000_OTH0.csv,Wrentit,45.0,3.0,0.24892107
20210813_154000_OTH0.csv,Rock Pigeon,51.0,3.0,0.32927486
20210821_182000_OTH0.csv,Greater Flamingo,27.0,3.0,0.12476552
20210813_150000_OFF3.csv,Wrentit,42.0,3.0,0.2436487
20210813_150000_OFF3.csv,Black-tailed Crake,45.0,3.0,0.3232547
20210813_150000_OFF3.csv,Wrentit,45.0,3.0,0.18215197
20210821_104000_OFF0.csv,Common Poorwill,0.0,3.0,0.8925185999999999
20210821_104000_OFF0.csv,Common Poorwill,3.0,3.0,0.79974353
20210821_104000_OFF0.csv,Common Poorwill,9.0,3.0,0.8670888000000001
20210821_104000_OFF0.csv,Common Poorwill,12.0,3.0,0.9228133
20210821_104000_OFF0.csv,Common Poorwill,18.0,3.0,0.9856676999999999
20210821_104000_OFF0.csv,Common Hawk-Cuckoo,18.0,3.0,0.10271917
20210821_104000_OFF0.csv,Common Poorwill,21.0,3.0,0.4721873
20210821_104000_OFF0.csv,Common Poorwill,24.0,3.0,0.66911334
20210821_104000_OFF0.csv,Common Poorwill,27.0,3.0,0.1258593
20210821_104000_OFF0.csv,Common Poorwill,30.0,3.0,0.91564834
20210821_104000_OFF0.csv,Common Poorwill,33.0,3.0,0.97048485
20210821_104000_OFF0.csv,Common Poorwill,42.0,3.0,0.7953683000000001
20210821_104000_OFF0.csv,Common Poorwill,48.0,3.0,0.6582180999999999
20210821_104000_OFF0.csv,Common Poorwill,51.0,3.0,0.7159066
20210821_104000_OFF0.csv,Common Poorwill,54.0,3.0,0.14092141
20210821_104000_OFF0.csv,Common Poorwill,57.0,3.0,0.16155376
20210821_233000_OFF5.csv,Rook,12.0,3.0,0.19640116
20210820_082000_OFF6.csv,Arabian Scops-Owl,30.0,3.0,0.1223578
20210820_082000_OFF6.csv,Arabian Scops-Owl,57.0,3.0,0.12501487
20210816_092000_OFF3.csv,Dwarf Tinamou,30.0,3.0,0.14519347
20210816_092000_OFF3.csv,Booted Racket-tail,30.0,3.0,0.12153914
20210816_092000_OFF3.csv,Abyssinian Nightjar,33.0,3.0,0.10799137
20210816_092000_OFF3.csv,Arabian Scops-Owl,36.0,3.0,0.12268742
20210816_092000_OFF3.csv,Abyssinian Nightjar,39.0,3.0,0.21122304
20210816_092000_OFF3.csv,Arabian Scops-Owl,42.0,3.0,0.20242989
20210816_092000_OFF3.csv,Arabian Scops-Owl,45.0,3.0,0.2513924
20210816_092000_OFF3.csv,Arabian Scops-Owl,48.0,3.0,0.29537833
20210820_011000_OFF3.csv,Lesser Sand-Plover,6.0,3.0,0.36043808
20210820_011000_OFF3.csv,Wrentit,6.0,3.0,0.20902158
20210820_011000_OFF3.csv,Wrentit,9.0,3.0,0.87285686
20210820_011000_OFF3.csv,Pearl Kite,9.0,3.0,0.27442086
20210820_011000_OFF3.csv,Reed Parrotbill,9.0,3.0,0.12727278
20210820_011000_OFF3.csv,Wrentit,15.0,3.0,0.45886552
20210820_011000_OFF3.csv,Greater Sand-Plover,15.0,3.0,0.11473404599999999
20210820_011000_OFF3.csv,Wrentit,18.0,3.0,0.646009
20210821_134000_OTH0.csv,European Bee-eater,6.0,3.0,0.10799014
20210821_134000_OTH0.csv,Mountain Bluebird,18.0,3.0,0.2536761
20210821_134000_OTH0.csv,Dot-winged Crake,18.0,3.0,0.21798366
20210821_134000_OTH0.csv,European Bee-eater,18.0,3.0,0.21426687
20210821_134000_OTH0.csv,Little Friarbird,18.0,3.0,0.14204235
20210821_134000_OTH0.csv,Rufous Antpitta,24.0,3.0,0.18720770000000003
20210821_134000_OTH0.csv,Chestnut-bellied Sandgrouse,30.0,3.0,0.3751117
20210821_134000_OTH0.csv,European Bee-eater,30.0,3.0,0.11679071
20210821_134000_OTH0.csv,European Bee-eater,51.0,3.0,0.3072428
20210821_134000_OTH0.csv,Keel-billed Toucan,51.0,3.0,0.2063111
20210817_081000_OFF7.csv,Arabian Scops-Owl,0.0,3.0,0.108948484
20210817_081000_OFF7.csv,Arabian Scops-Owl,3.0,3.0,0.13167547
20210817_081000_OFF7.csv,Abyssinian Nightjar,3.0,3.0,0.12555952
20210817_081000_OFF7.csv,Abyssinian Nightjar,6.0,3.0,0.24066979
20210817_081000_OFF7.csv,Abyssinian Nightjar,12.0,3.0,0.17628655
20210817_081000_OFF7.csv,Abyssinian Nightjar,15.0,3.0,0.16365035
20210817_081000_OFF7.csv,Abyssinian Nightjar,18.0,3.0,0.23869553
20210817_081000_OFF7.csv,Arabian Scops-Owl,21.0,3.0,0.17732112
20210817_081000_OFF7.csv,Abyssinian Nightjar,24.0,3.0,0.20592874
20210817_081000_OFF7.csv,Arabian Scops-Owl,24.0,3.0,0.10396016
20210817_081000_OFF7.csv,Arabian Scops-Owl,27.0,3.0,0.28855592
20210817_081000_OFF7.csv,Abyssinian Nightjar,27.0,3.0,0.2797083
20210817_081000_OFF7.csv,Abyssinian Nightjar,30.0,3.0,0.26023895
20210817_081000_OFF7.csv,Arabian Scops-Owl,30.0,3.0,0.17606729999999998
20210817_081000_OFF7.csv,Arabian Scops-Owl,33.0,3.0,0.32421887
20210817_081000_OFF7.csv,Abyssinian Nightjar,33.0,3.0,0.24013920000000002
20210817_081000_OFF7.csv,Arabian Scops-Owl,36.0,3.0,0.17673244
20210817_081000_OFF7.csv,Abyssinian Nightjar,36.0,3.0,0.122731075
20210817_081000_OFF7.csv,Arabian Scops-Owl,39.0,3.0,0.10825504
20210817_081000_OFF7.csv,Arabian Scops-Owl,42.0,3.0,0.13891582
20210817_081000_OFF7.csv,Arabian Scops-Owl,45.0,3.0,0.16470309
20210817_081000_OFF7.csv,Arabian Scops-Owl,48.0,3.0,0.12401361
20210817_081000_OFF7.csv,Arabian Scops-Owl,51.0,3.0,0.11512676599999999
20210821_141000_OTH0.csv,Say's Phoebe,0.0,3.0,0.37469584
20210821_141000_OTH0.csv,Say's Phoebe,12.0,3.0,0.45424217
20210821_141000_OTH0.csv,Say's Phoebe,36.0,3.0,0.7323211
20210821_141000_OTH0.csv,Olive-sided Flycatcher,36.0,3.0,0.19449565
20210821_141000_OTH0.csv,Gray Partridge,45.0,3.0,0.13698077
20210821_141000_OTH0.csv,Say's Phoebe,48.0,3.0,0.29585645
20210821_141000_OTH0.csv,Ash-throated Flycatcher,51.0,3.0,0.1300328
20210819_130000_OFF1.csv,California Thrasher,0.0,3.0,0.45383063
20210819_130000_OFF1.csv,California Thrasher,3.0,3.0,0.34900928
20210819_130000_OFF1.csv,California Thrasher,15.0,3.0,0.5520421999999999
20210819_130000_OFF1.csv,California Thrasher,18.0,3.0,0.21210162
20210819_130000_OFF1.csv,California Thrasher,21.0,3.0,0.21712677
20210819_130000_OFF1.csv,LeConte's Thrasher,24.0,3.0,0.18054049
20210819_130000_OFF1.csv,Blue-throated Bee-eater,24.0,3.0,0.16696689
20210819_130000_OFF1.csv,California Thrasher,27.0,3.0,0.38540384
20210819_130000_OFF1.csv,California Thrasher,30.0,3.0,0.32708147
20210819_130000_OFF1.csv,California Thrasher,33.0,3.0,0.11522122
20210819_130000_OFF1.csv,California Thrasher,51.0,3.0,0.4290152
20210819_130000_OFF1.csv,California Thrasher,54.0,3.0,0.32548390000000005
20210813_144000_OFF2.csv,California Towhee,0.0,3.0,0.38385347
20210813_144000_OFF2.csv,California Towhee,3.0,3.0,0.17777526
20210813_144000_OFF2.csv,Malachite Kingfisher,21.0,3.0,0.11772044
20210813_144000_OFF2.csv,California Towhee,51.0,3.0,0.15583828
20210813_144000_OFF2.csv,California Towhee,54.0,3.0,0.45156533
20210813_144000_OFF2.csv,Malachite Kingfisher,54.0,3.0,0.17063744
20210818_001000_OFF7.csv,Atlantic Puffin,9.0,3.0,0.11251946
20210821_100000_OFF7.csv,Arabian Scops-Owl,18.0,3.0,0.101052925
20210821_100000_OFF7.csv,Andean Tit-Spinetail,57.0,3.0,0.29347947
20210821_100000_OFF7.csv,Water Pipit,57.0,3.0,0.12994532
20210821_100000_OFF7.csv,Bluethroat,57.0,3.0,0.101249255
20210823_064000_OFF5.csv,Arabian Scops-Owl,3.0,3.0,0.25430343
20210823_064000_OFF5.csv,Arabian Scops-Owl,6.0,3.0,0.2990238
20210823_064000_OFF5.csv,Arabian Scops-Owl,9.0,3.0,0.21583295
20210823_064000_OFF5.csv,Arabian Scops-Owl,21.0,3.0,0.13449425
20210823_064000_OFF5.csv,Arabian Scops-Owl,24.0,3.0,0.14703593
20210823_064000_OFF5.csv,Arabian Scops-Owl,45.0,3.0,0.112813234
20210823_064000_OFF5.csv,Arabian Scops-Owl,48.0,3.0,0.17886737
20210821_054000_OFF5.csv,Arabian Scops-Owl,6.0,3.0,0.11809215
20210821_054000_OFF5.csv,Eastern Screech-Owl,24.0,3.0,0.19841003
20210821_054000_OFF5.csv,Brazilian Tinamou,24.0,3.0,0.10767581
20210821_054000_OFF5.csv,Eastern Screech-Owl,27.0,3.0,0.40818483
20210821_054000_OFF5.csv,Eastern Screech-Owl,54.0,3.0,0.3155565
20210813_064000_OTH1.csv,Arabian Scops-Owl,18.0,3.0,0.1998316
20210824_075000_OFF2.csv,Arabian Scops-Owl,3.0,3.0,0.10694456
20210824_075000_OFF2.csv,Arabian Scops-Owl,6.0,3.0,0.109957725
20210824_075000_OFF2.csv,Arabian Scops-Owl,27.0,3.0,0.13467553
20210824_075000_OFF2.csv,Philippine Frogmouth,42.0,3.0,0.15528654
20210824_075000_OFF2.csv,Arabian Scops-Owl,42.0,3.0,0.13255289
20210820_092000_OFF2.csv,Dwarf Tinamou,0.0,3.0,0.28257940000000004
20210820_092000_OFF2.csv,Dwarf Tinamou,3.0,3.0,0.38091004
20210820_092000_OFF2.csv,Dwarf Tinamou,6.0,3.0,0.3505232
20210820_092000_OFF2.csv,Dwarf Tinamou,9.0,3.0,0.27202538
20210820_092000_OFF2.csv,Dwarf Tinamou,12.0,3.0,0.25777534
20210820_092000_OFF2.csv,Dwarf Tinamou,15.0,3.0,0.16521181
20210820_092000_OFF2.csv,Dwarf Tinamou,18.0,3.0,0.12429605
20210820_092000_OFF2.csv,Dwarf Tinamou,21.0,3.0,0.36644396
20210820_092000_OFF2.csv,Dwarf Tinamou,27.0,3.0,0.2592396
20210820_092000_OFF2.csv,Dwarf Tinamou,30.0,3.0,0.2301618
20210820_092000_OFF2.csv,Dwarf Tinamou,33.0,3.0,0.3854116
20210820_092000_OFF2.csv,Dwarf Tinamou,36.0,3.0,0.29331297
20210820_092000_OFF2.csv,Dwarf Tinamou,39.0,3.0,0.20947438
20210820_092000_OFF2.csv,Dwarf Tinamou,42.0,3.0,0.49851608
20210820_092000_OFF2.csv,Dwarf Tinamou,45.0,3.0,0.50782675
20210820_092000_OFF2.csv,Dwarf Tinamou,48.0,3.0,0.6367781
20210820_092000_OFF2.csv,Dwarf Tinamou,51.0,3.0,0.3871152
20210820_092000_OFF2.csv,Dwarf Tinamou,54.0,3.0,0.38805273
20210820_092000_OFF2.csv,Dwarf Tinamou,57.0,3.0,0.45680788
20210811_014000_OFF4.csv,Sage Thrasher,15.0,3.0,0.23350388
20210811_014000_OFF4.csv,California Thrasher,30.0,3.0,0.117256045
20210811_014000_OFF4.csv,Desert Finch,33.0,3.0,0.31411725
20210811_014000_OFF4.csv,Sharp-tailed Tyrant,33.0,3.0,0.11797612
20210811_014000_OFF4.csv,California Towhee,54.0,3.0,0.29484190000000005
20210811_014000_OFF4.csv,California Towhee,57.0,3.0,0.49243405
20210824_022000_OFF3.csv,California Towhee,18.0,3.0,0.11809836
20210815_110000_OFF5.csv,Chestnut-capped Piha,18.0,3.0,0.10466899
20210811_003000_OFF6.csv,Wrentit,42.0,3.0,0.418134
20210811_003000_OFF6.csv,Lesser Sand-Plover,42.0,3.0,0.11858299
20210816_063000_OFF7.csv,Arabian Scops-Owl,27.0,3.0,0.10401885
20210816_063000_OFF7.csv,Arabian Scops-Owl,30.0,3.0,0.14562708
20210816_063000_OFF7.csv,Arabian Scops-Owl,39.0,3.0,0.49049842
20210816_063000_OFF7.csv,Arabian Scops-Owl,48.0,3.0,0.11381882
20210816_063000_OFF7.csv,Arabian Scops-Owl,51.0,3.0,0.16475819
20210821_195000_OFF4.csv,California Gnatcatcher,45.0,3.0,0.5800357
20210820_020000_OTH1.csv,Small Pratincole,12.0,3.0,0.5428175000000001
20210820_020000_OTH1.csv,Small Pratincole,15.0,3.0,0.46349138
20210820_020000_OTH1.csv,Yellow-throated Toucan,15.0,3.0,0.32337168
20210820_020000_OTH1.csv,Small Pratincole,30.0,3.0,0.20726077
20210820_020000_OTH1.csv,California Towhee,36.0,3.0,0.4069144
20210820_020000_OTH1.csv,California Towhee,39.0,3.0,0.7145699000000001
20210820_020000_OTH1.csv,White-rumped Sandpiper,39.0,3.0,0.120076805
20210820_020000_OTH1.csv,California Towhee,42.0,3.0,0.92356753
20210820_020000_OTH1.csv,California Towhee,45.0,3.0,0.38719445
20210820_020000_OTH1.csv,California Towhee,48.0,3.0,0.8113224
20210820_020000_OTH1.csv,California Towhee,51.0,3.0,0.8251854
20210820_020000_OTH1.csv,California Towhee,57.0,3.0,0.95651853
20210823_131000_OFF7.csv,Pheasant Pigeon,15.0,3.0,0.1387115
20210823_131000_OFF7.csv,Pheasant Pigeon,30.0,3.0,0.6771239
20210823_131000_OFF7.csv,Eastern Screech-Owl,30.0,3.0,0.56987226
20210823_131000_OFF7.csv,Eastern Screech-Owl,36.0,3.0,0.11353884
20210823_131000_OFF7.csv,Common Loon,36.0,3.0,0.10810005
20210823_131000_OFF7.csv,Tabon Scrubfowl,51.0,3.0,0.15606055
20210814_092000_OFF6.csv,Arabian Scops-Owl,12.0,3.0,0.2853397
20210814_092000_OFF6.csv,Honduran Emerald,24.0,3.0,0.24161255
20210814_092000_OFF6.csv,Honduran Emerald,36.0,3.0,0.26571622
20210814_092000_OFF6.csv,Honduran Emerald,48.0,3.0,0.12784351
20210824_161000_OFF6.csv,American Flamingo,3.0,3.0,0.24838744
20210818_225000_OFF4.csv,California Gnatcatcher,48.0,3.0,0.74104697
20210818_225000_OFF4.csv,California Gnatcatcher,51.0,3.0,0.80341786
20210818_225000_OFF4.csv,Double-barred Finch,51.0,3.0,0.16539074
20210818_225000_OFF4.csv,Nile Valley Sunbird,51.0,3.0,0.12255878
20210818_225000_OFF4.csv,California Gnatcatcher,57.0,3.0,0.17152381
20210821_110000_OFF3.csv,Common Poorwill,0.0,3.0,0.96407473
20210821_110000_OFF3.csv,Common Poorwill,3.0,3.0,0.60269415
20210821_110000_OFF3.csv,Common Poorwill,6.0,3.0,0.9241212999999999
20210821_110000_OFF3.csv,Common Poorwill,9.0,3.0,0.9955655000000001
20210821_110000_OFF3.csv,Moustached Hawk-Cuckoo,9.0,3.0,0.29491090000000003
20210821_110000_OFF3.csv,Common Hawk-Cuckoo,9.0,3.0,0.1666719
20210821_110000_OFF3.csv,Black-fronted Wood-Quail,9.0,3.0,0.12360287
20210821_110000_OFF3.csv,Collared Trogon,9.0,3.0,0.11027244
20210821_110000_OFF3.csv,Masked Trogon,9.0,3.0,0.10164848
